{
  "project_info": {
    "project_number": "1000081491728",
    "project_id": "fmc2-dcc05",
    "storage_bucket": "fmc2-dcc05.appspot.com"
  },
  "client": [
    {
      "client_info": {
        "mobilesdk_app_id": "1:1000081491728:android:54bd4acc2d3656858d0795",
        "android_client_info": {
          "package_name": "com.VSR86968100.fmc"
        }
      },
      "oauth_client": [
        {
          "client_id": "1000081491728-64bku78hkimd2f0j140dthk7ase3a75t.apps.googleusercontent.com",
          "client_type": 3
        }
      ],
      "api_key": [
        {
          "current_key": "AIzaSyCCfe6nR2fWbfL2UlplQlpXGcALHuw-Xt4"
        }
      ],
      "services": {
        "appinvite_service": {
          "other_platform_oauth_client": [
            {
              "client_id": "1000081491728-64bku78hkimd2f0j140dthk7ase3a75t.apps.googleusercontent.com",
              "client_type": 3
            }
          ]
        }
      }
    }
  ],
  "configuration_version": "1"
}